question,expected_answer,llm_answer,rag_answer,llm_exact_match,rag_exact_match,llm_keyword_match,rag_keyword_match,llm_length_difference,rag_length_difference,llm_judge,rag_judge
What does PDF stand for?,Portable Document Format.,PDF stands for Portable Document Format.,PDF stands for Portable Document Format. It is a file format developed by Adobe to present documents consistently across all platforms and devices.,0,0,1.0,1.0,1.0,6.667,5,5
Who developed the PDF format?,Adobe Systems.,Adobe Systems developed the PDF (Portable Document Format).,"Adobe Systems introduced PDF in 1993. They developed the PDF format as a way to share documents that would look the same regardless of the software, hardware, or operating system used to view them.",0,0,1.0,1.0,3.0,16.0,5,5
What is the primary purpose of PDF?,To preserve document formatting across different platforms and devices.,"The primary purpose of PDF (Portable Document Format) is to preserve the layout and formatting of a document, making it easily shareable and viewable across different devices and platforms, regardless of the software or operating system used to create it.","The primary purpose of PDF is to provide a document format with visual fidelity, security features, and broad compatibility. It is widely used by government agencies, financial institutions, healthcare organizations, and legal firms for sharing documents such as invoices, reports, and receipts.",0,0,1.0,0.333,3.444,3.667,5,4
Which ISO standard defines PDF 2.0?,ISO 32000-2.,ISO 32000-2:2020 defines PDF 2.0.,PDF 2.0 is defined by the ISO 32000-2 standard. It was published in 2017 with new features.,0,0,1.0,1.0,1.5,7.5,5,5
What are the main components of a PDF document?,"Objects, cross-reference table, trailer, and document catalog.","The main components of a PDF (Portable Document Format) document are:

1. Header: Contains the PDF version and other basic information.
2. Body: Contains the document's content, including text, images, and graphics.
3. Cross-Reference Table: Maps the locations of objects within the document.
4. Trailer: Contains the location of the cross-reference table and other metadata.","A PDF file consists of four main components: a header, a body, a cross-reference table, and a trailer. The body contains the document objects, the cross-reference table maps object locations, and the trailer points to the cross-reference table.",0,0,0.875,0.875,6.857,4.429,4,4
Why are fonts embedded in a PDF?,To ensure documents display consistently even when the required fonts are not installed.,"Fonts are embedded in a PDF to ensure that the document is displayed and printed consistently, regardless of the device or system used to view it, by including the font data itself within the file.","Font embedding ensures that documents render identically regardless of which fonts are installed on the viewer's system. This allows documents to look the same regardless of the software, hardware, or operating system used to view them.",0,0,0.462,0.462,1.692,1.769,5,5
What types of objects can a PDF contain?,"Text, images, fonts, annotations, forms, and multimedia.","A PDF (Portable Document Format) can contain various types of objects, including:

* Text
* Images (raster and vector)
* Graphics
* Fonts
* Tables
* Charts
* Audio and video files
* 3D models
* Hyperlinks
* Bookmarks
* Forms and annotations.","A PDF can contain objects such as page dictionaries, font resources, image streams, annotation dictionaries, and the document catalog. Each object is identified by an object number and generation number.",0,0,0.857,0.143,5.143,3.286,5,4
What is the role of the cross-reference table?,It stores the locations of PDF objects for fast access.,"The role of a cross-reference table is to map or link related data, codes, or identifiers from different sources, systems, or formats, facilitating lookup, conversion, and integration of information.","The cross-reference table maps object locations. It is also referenced by the trailer, which points to it and the root object.",0,0,0.2,0.3,1.9,1.1,2,4
What is the purpose of the PDF trailer?,It points to the cross-reference table and the document catalog.,"The purpose of the PDF trailer is to provide a cross-reference table and other information that allows a PDF reader to quickly locate and access the various parts of the PDF file, particularly when the file is very large.",Not found in context.,0,0,0.6,0.0,2.9,0.6,4,5
Why is PDF considered platform independent?,Because it preserves layout and appearance across different operating systems and software.,"PDF (Portable Document Format) is considered platform independent because it can be viewed and printed consistently across different operating systems, devices, and software, without requiring the original software or hardware used to create it.","PDF is considered platform independent because it embeds fonts, images, and layout, allowing documents to look the same regardless of the software, hardware, or operating system used to view them. This consistency makes PDF compatible with all platforms and devices.",0,0,0.727,0.545,1.833,2.333,5,5
What is an indirect object in a PDF?,A reusable object stored separately and referenced by other objects.,"In a PDF, an indirect object is a data structure that consists of an object number, a generation number, and the actual object data, preceded by a keyword that identifies the object type. It is called ""indirect"" because it is referenced by its object number and generation number, rather than being directly embedded in the PDF stream.",Not found in context.,0,0,0.5,0.0,4.7,0.6,5,5
How are images stored inside a PDF?,As image objects with compressed data streams.,"Images are stored inside a PDF as embedded objects, typically in a compressed format such as JPEG or PNG, using various compression algorithms and encoding schemes, including DCT (Discrete Cosine Transform) and CCITT (Consultative Committee for International Telegraphy and Telephony).",Images inside a PDF require both lossy and lossless options.,0,0,0.429,0.0,4.714,0.429,5,2
Why are compression algorithms used in PDFs?,To reduce file size while maintaining document quality.,"Compression algorithms are used in PDFs to reduce the file size, making them easier to store, share, and transmit, while maintaining the original quality and content.","Compression algorithms are used in PDFs to reduce file size. Various algorithms such as FlateDecode, DCTDecode, JBIG2Decode, and JPXDecode are used for different types of content, like images and text.",0,0,0.875,0.5,2.25,2.75,5,4
What is the document catalog?,The root object that defines the structure of the PDF document.,"A document catalog is a collection of metadata about documents, such as titles, authors, and keywords, used to organize, search, and retrieve documents.",Not found in context.,0,0,0.222,0.0,1.091,0.636,2,1
What is metadata in a PDF?,"Information about the document, such as the author, title, subject, and creation date.","In a PDF, metadata refers to information about the document itself, such as the author, creation date, file size, and keywords, that is stored separately from the main content of the document.",Not found in context.,0,0,0.833,0.0,1.462,0.692,5,1
How does PDF support document security?,"Using encryption, passwords, permissions, and digital signatures.","PDF supports document security through encryption, password protection, and access controls, allowing users to restrict printing, editing, and copying of content.","The format's combination of visual fidelity, security features, and broad compatibility makes it irreplaceable. Additionally, the standard has deprecated certain proprietary encryption methods, and recent developments include integration with digital signature standards.",0,0,0.286,0.429,2.0,3.571,4,4
What is the purpose of digital signatures in PDF?,To verify document authenticity and ensure document integrity.,"The purpose of digital signatures in PDF is to authenticate the identity of the signer, verify the integrity of the document, and indicate approval or agreement with the contents of the document.",A Digital Signature is a cryptographic mechanism that verifies the signer's identity and document integrity. It ensures the authenticity and security of the PDF document.,0,0,0.714,0.571,3.0,2.125,5,5
What is the advantage of PDF over editable document formats?,It preserves formatting and prevents unintended modifications.,"The main advantage of PDF (Portable Document Format) over editable document formats is that it preserves the layout, formatting, and content of the document, making it difficult to modify or alter, thus ensuring consistency and security across different devices and platforms.","The format's combination of visual fidelity, security features, and broad compatibility makes it irreplaceable. The PDF format achieved consistency by embedding fonts, images, and layout information directly in the file.",0,0,0.571,0.286,4.857,3.286,5,4
How does PDF support hyperlinks?,By storing link annotations that reference internal or external destinations.,"PDF supports hyperlinks through annotations, which are interactive elements that can be added to a PDF document. These annotations can be used to create links to external websites, email addresses, or other locations within the document, allowing users to click on them to access the linked content.",Not found in context.,0,0,0.4,0.0,3.7,0.6,4,1
What types of multimedia can be embedded in a PDF?,"Images, audio, video, and interactive elements.","PDFs can embed various types of multimedia, including:

* Images (photos, graphics, diagrams)
* Audio files (music, voice recordings, sound effects)
* Videos (movies, animations, 3D models)
* Interactive elements (JavaScript, forms, hyperlinks)
* 3D models and animations
* Flash content (although this is being phased out)",Not found in context.,0,0,0.833,0.0,6.833,0.333,5,1
Why is the cross-reference table important for PDF readers?,It allows readers to locate objects quickly without scanning the entire file.,"The cross-reference table is important for PDF readers because it allows them to quickly locate and access specific parts of the PDF file, such as pages, fonts, and images, making the file more efficient to render and navigate.","The cross-reference table is important because it maps object locations in a PDF file. It is used by the trailer to point to the locations of objects, allowing PDF readers to access the document's content and structure.",0,0,0.667,0.5,2.167,2.083,5,4
Explain the relationship between PDF objects and the document catalog.,The document catalog acts as the root object and references the objects that define the document structure.,"In a PDF, the document catalog is the root object that contains references to other objects, such as pages, fonts, and images. It serves as a table of contents, linking to all the other objects that make up the document. Each object, in turn, contains its own set of properties and data. The document catalog is the top-level object that ties all these objects together, allowing a PDF viewer to navigate and render the document correctly.","The document catalog is one of the objects in a PDF, and each object, including the document catalog, is identified by an object number and generation number. The document catalog is part of the body of a PDF, which contains objects that define the document's content and structure.",0,0,0.769,0.692,3.471,1.824,5,4
How does PDF maintain consistent formatting across devices?,"By embedding fonts, graphics, and layout information within the document.","PDF (Portable Document Format) maintains consistent formatting across devices by embedding the document's layout, fonts, and graphics, allowing it to be displayed and printed identically on any device, regardless of the operating system or software used.","The PDF format achieves consistency by embedding fonts, images, and layout, allowing documents to look the same regardless of the software, hardware, or operating system used to view them. This ensures that documents created in one environment will have the same appearance when opened in another.",0,0,0.8,0.6,2.6,3.6,5,5
Compare PDF 1.7 and PDF 2.0.,PDF 2.0 is the ISO-standardized version that introduces updated specifications and improved security compared with PDF 1.7.,"PDF 1.7 and PDF 2.0 are two versions of the Portable Document Format (PDF) standard. 

Key differences:
- PDF 1.7 was introduced in 2006 and is widely supported.
- PDF 2.0, released in 2017, offers improved security, accessibility, and functionality, including better tagging, graphics, and font handling.
- PDF 2.0 also supports associated files, allowing for additional data to be attached to the PDF. 

Overall, PDF 2.0 provides enhanced features and capabilities compared to PDF 1.7.","PDF 1.7 was published as ISO 32000-1 in 2008, while PDF 2.0 (ISO 32000-2) was published in 2017 with new features. This indicates that PDF 2.0 is an updated version of PDF 1.7 with additional capabilities.",0,0,0.579,0.579,3.471,1.118,5,4
Summarize the main purpose and advantages of the PDF format.,"PDF is a platform-independent document format that preserves layout, supports security and multimedia, and enables reliable document exchange.","The main purpose of the PDF (Portable Document Format) is to preserve the layout and formatting of a document, making it easily shareable and viewable across different devices and platforms. The advantages of PDF include:

* Platform independence
* Preservation of layout and formatting
* Security features (e.g., encryption, password protection)
* Compression, reducing file size
* Easy sharing and collaboration

Overall, PDF provides a reliable and consistent way to exchange and view documents, making it a widely used format for personal, professional, and commercial purposes.","The PDF format is widely used due to its combination of visual fidelity, security features, and broad compatibility. Its advantages make it the primary document format for various organizations, including government agencies, financial institutions, and healthcare organizations.",0,0,0.647,0.353,3.778,1.056,5,4
